<?xml version="1.0" encoding="UTF-8"?>
<!DOCTYPE mapper PUBLIC "-//mybatis.org//DTD Mapper 3.0//EN" "http://mybatis.org/dtd/mybatis-3-mapper.dtd">
<mapper namespace="com.pers.MyStore.mapper.CartMapper">

	<insert id="addCart">
		INSERT INTO cart
		(user_id, product_id, quantity)
		VALUES(#{user_id}, #{product_id}, #{quantity})
		on duplicate key update
		quantity=quantity+#{quantity}
	</insert>

	<update id="addCartNum">
		UPDATE mystore.cart
		SET quantity=quantity+#{quantity}
		WHERE user_id=#{user_id} AND product_id=#{product_id};
	</update>
	
	<update id="updateCart">
		UPDATE mystore.cart
		SET quantity=#{quantity}
		WHERE user_id=#{user_id} AND product_id=#{product_id};
	</update>

	<select id="findCartByUserID"
		resultType="com.pers.MyStore.entity.Cart">
		select
		cart.user_id,cart.product_id,cart.quantity,product.product_name,product.product_price
		from cart left join product on cart.product_id = product.product_id
		where cart.user_id=#{user_id} and product.product_valid=true
	</select>
	
	<select id="findCartByProductID"
		resultType="com.pers.MyStore.entity.Cart">
		select
		cart.user_id,cart.product_id,cart.quantity,product.product_name,product.product_price
		from cart left join product on cart.product_id = product.product_id
		where cart.user_id=#{user_id} and cart.product_id=#{product_id} and product.product_valid=true
	</select>

	<delete id="removeCart">
		DELETE FROM mystore.cart
		WHERE user_id=#{user_id} AND product_id=#{product_id}
	</delete>

</mapper>